{
    "$schema": "https://schema.management.azure.com/schemas/2015-01-01/deploymentParameters.json#",
    "contentVersion": "1.0.0.0",
    "parameters": {
        "loadBalancers_RG02LB_name": {
            "value": null
        },
        "disks_RG02MAN_DATADISK1_name": {
            "value": null
        },
        "disks_RG02MAN_DATADISK2_name": {
            "value": null
        },
        "virtualMachines_RG02VM1_name": {
            "value": null
        },
        "virtualMachines_RG02VM2_name": {
            "value": null
        },
        "virtualNetworks_RG02_VNet_name": {
            "value": null
        },
        "networkInterfaces_RG02_NIC1_name": {
            "value": null
        },
        "networkInterfaces_RG02_NIC2_name": {
            "value": null
        },
        "availabilitySets_RG02_AvailabilitySet_name": {
            "value": null
        },
        "publicIPAddresses_RG02_PublicIPAddress_name": {
            "value": null
        },
        "extensions_BGInfo_name": {
            "value": null
        },
        "extensions_BGInfo_name_1": {
            "value": null
        },
        "networkSecurityGroups_myNetworkSecurityGroup_name": {
            "value": null
        },
        "subnets_RG02_Subnet_name": {
            "value": null
        },
        "securityRules_myNetworkSecurityGroupRuleHTTP_name": {
            "value": null
        },
        "virtualMachines_RG02VM1_id": {
            "value": null
        },
        "virtualMachines_RG02VM2_id": {
            "value": null
        },
        "loadBalancers_RG02LB_id": {
            "value": null
        },
        "loadBalancers_RG02LB_id_1": {
            "value": null
        },
        "loadBalancers_RG02LB_id_2": {
            "value": null
        }
    }
}