{
    "$schema": "https://schema.management.azure.com/schemas/2015-01-01/deploymentTemplate.json#",
    "contentVersion": "1.0.0.0",
    "parameters": {
        "loadBalancers_RG02LB_name": {
            "defaultValue": "RG02LB",
            "type": "String"
        },
        "disks_RG02MAN_DATADISK1_name": {
            "defaultValue": "RG02MAN_DATADISK1",
            "type": "String"
        },
        "disks_RG02MAN_DATADISK2_name": {
            "defaultValue": "RG02MAN_DATADISK2",
            "type": "String"
        },
        "virtualMachines_RG02VM1_name": {
            "defaultValue": "RG02VM1",
            "type": "String"
        },
        "virtualMachines_RG02VM2_name": {
            "defaultValue": "RG02VM2",
            "type": "String"
        },
        "virtualNetworks_RG02_VNet_name": {
            "defaultValue": "RG02_VNet",
            "type": "String"
        },
        "networkInterfaces_RG02_NIC1_name": {
            "defaultValue": "RG02_NIC1",
            "type": "String"
        },
        "networkInterfaces_RG02_NIC2_name": {
            "defaultValue": "RG02_NIC2",
            "type": "String"
        },
        "availabilitySets_RG02_AvailabilitySet_name": {
            "defaultValue": "RG02_AvailabilitySet",
            "type": "String"
        },
        "publicIPAddresses_RG02_PublicIPAddress_name": {
            "defaultValue": "RG02_PublicIPAddress",
            "type": "String"
        },
        "extensions_BGInfo_name": {
            "defaultValue": "BGInfo",
            "type": "String"
        },
        "extensions_BGInfo_name_1": {
            "defaultValue": "BGInfo",
            "type": "String"
        },
        "networkSecurityGroups_myNetworkSecurityGroup_name": {
            "defaultValue": "myNetworkSecurityGroup",
            "type": "String"
        },
        "subnets_RG02_Subnet_name": {
            "defaultValue": "RG02_Subnet",
            "type": "String"
        },
        "securityRules_myNetworkSecurityGroupRuleHTTP_name": {
            "defaultValue": "myNetworkSecurityGroupRuleHTTP",
            "type": "String"
        },
        "virtualMachines_RG02VM1_id": {
            "defaultValue": "/subscriptions/903dd0a7-40f7-4dee-bb5e-736d0548d078/resourceGroups/RG02/providers/Microsoft.Compute/disks/RG02VM1_OsDisk_1_27606dd504434d91808e1b58858ea9db",
            "type": "String"
        },
        "virtualMachines_RG02VM2_id": {
            "defaultValue": "/subscriptions/903dd0a7-40f7-4dee-bb5e-736d0548d078/resourceGroups/RG02/providers/Microsoft.Compute/disks/RG02VM2_OsDisk_1_4f2473881d6e45708353dff790dcffc7",
            "type": "String"
        },
        "loadBalancers_RG02LB_id": {
            "defaultValue": "/subscriptions/903dd0a7-40f7-4dee-bb5e-736d0548d078/resourceGroups/RG02/providers/Microsoft.Network/loadBalancers/RG02LB/frontendIPConfigurations/FrontendIPConfig",
            "type": "String"
        },
        "loadBalancers_RG02LB_id_1": {
            "defaultValue": "/subscriptions/903dd0a7-40f7-4dee-bb5e-736d0548d078/resourceGroups/RG02/providers/Microsoft.Network/loadBalancers/RG02LB/backendAddressPools/BackendPool",
            "type": "String"
        },
        "loadBalancers_RG02LB_id_2": {
            "defaultValue": "/subscriptions/903dd0a7-40f7-4dee-bb5e-736d0548d078/resourceGroups/RG02/providers/Microsoft.Network/loadBalancers/RG02LB/probes/probe01",
            "type": "String"
        }
    },
    "variables": {},
    "resources": [
        {
            "comments": "Generalized from resource: '/subscriptions/903dd0a7-40f7-4dee-bb5e-736d0548d078/resourceGroups/RG02/providers/Microsoft.Compute/availabilitySets/RG02_AvailabilitySet'.",
            "type": "Microsoft.Compute/availabilitySets",
            "sku": {
                "name": "Aligned"
            },
            "name": "[parameters('availabilitySets_RG02_AvailabilitySet_name')]",
            "apiVersion": "2018-06-01",
            "location": "westeurope",
            "scale": null,
            "properties": {
                "platformUpdateDomainCount": 2,
                "platformFaultDomainCount": 2,
                "virtualMachines": [
                    {
                        "id": "[resourceId('Microsoft.Compute/virtualMachines', parameters('virtualMachines_RG02VM1_name'))]"
                    },
                    {
                        "id": "[resourceId('Microsoft.Compute/virtualMachines', parameters('virtualMachines_RG02VM2_name'))]"
                    }
                ]
            },
            "dependsOn": [
                "[resourceId('Microsoft.Compute/virtualMachines', parameters('virtualMachines_RG02VM1_name'))]",
                "[resourceId('Microsoft.Compute/virtualMachines', parameters('virtualMachines_RG02VM2_name'))]"
            ]
        },
        {
            "comments": "Generalized from resource: '/subscriptions/903dd0a7-40f7-4dee-bb5e-736d0548d078/resourceGroups/RG02/providers/Microsoft.Compute/disks/RG02MAN_DATADISK1'.",
            "type": "Microsoft.Compute/disks",
            "sku": {
                "name": "Standard_LRS",
                "tier": "Standard"
            },
            "name": "[parameters('disks_RG02MAN_DATADISK1_name')]",
            "apiVersion": "2018-06-01",
            "location": "westeurope",
            "tags": {},
            "scale": null,
            "properties": {
                "creationData": {
                    "createOption": "Empty"
                },
                "diskSizeGB": 10
            },
            "dependsOn": []
        },
        {
            "comments": "Generalized from resource: '/subscriptions/903dd0a7-40f7-4dee-bb5e-736d0548d078/resourceGroups/RG02/providers/Microsoft.Compute/disks/RG02MAN_DATADISK2'.",
            "type": "Microsoft.Compute/disks",
            "sku": {
                "name": "Standard_LRS",
                "tier": "Standard"
            },
            "name": "[parameters('disks_RG02MAN_DATADISK2_name')]",
            "apiVersion": "2018-06-01",
            "location": "westeurope",
            "tags": {},
            "scale": null,
            "properties": {
                "creationData": {
                    "createOption": "Empty"
                },
                "diskSizeGB": 10
            },
            "dependsOn": []
        },
        {
            "comments": "Generalized from resource: '/subscriptions/903dd0a7-40f7-4dee-bb5e-736d0548d078/resourceGroups/RG02/providers/Microsoft.Compute/virtualMachines/RG02VM1'.",
            "type": "Microsoft.Compute/virtualMachines",
            "name": "[parameters('virtualMachines_RG02VM1_name')]",
            "apiVersion": "2018-06-01",
            "location": "westeurope",
            "scale": null,
            "properties": {
                "availabilitySet": {
                    "id": "[resourceId('Microsoft.Compute/availabilitySets', parameters('availabilitySets_RG02_AvailabilitySet_name'))]"
                },
                "hardwareProfile": {
                    "vmSize": "Standard_DS1_v2"
                },
                "storageProfile": {
                    "imageReference": {
                        "publisher": "MicrosoftWindowsServer",
                        "offer": "WindowsServer",
                        "sku": "2016-Datacenter",
                        "version": "latest"
                    },
                    "osDisk": {
                        "osType": "Windows",
                        "name": "[concat(parameters('virtualMachines_RG02VM1_name'),'_OsDisk_1_27606dd504434d91808e1b58858ea9db')]",
                        "createOption": "FromImage",
                        "caching": "ReadWrite",
                        "managedDisk": {
                            "storageAccountType": "Premium_LRS",
                            "id": "[parameters('virtualMachines_RG02VM1_id')]"
                        },
                        "diskSizeGB": 127
                    },
                    "dataDisks": []
                },
                "osProfile": {
                    "computerName": "[parameters('virtualMachines_RG02VM1_name')]",
                    "adminUsername": "azureuser",
                    "windowsConfiguration": {
                        "provisionVMAgent": true,
                        "enableAutomaticUpdates": false
                    },
                    "secrets": [],
                    "allowExtensionOperations": true
                },
                "networkProfile": {
                    "networkInterfaces": [
                        {
                            "id": "[resourceId('Microsoft.Network/networkInterfaces', parameters('networkInterfaces_RG02_NIC1_name'))]"
                        }
                    ]
                },
                "diagnosticsProfile": {
                    "bootDiagnostics": {
                        "enabled": false
                    }
                }
            },
            "dependsOn": [
                "[resourceId('Microsoft.Compute/availabilitySets', parameters('availabilitySets_RG02_AvailabilitySet_name'))]",
                "[resourceId('Microsoft.Network/networkInterfaces', parameters('networkInterfaces_RG02_NIC1_name'))]"
            ]
        },
        {
            "comments": "Generalized from resource: '/subscriptions/903dd0a7-40f7-4dee-bb5e-736d0548d078/resourceGroups/RG02/providers/Microsoft.Compute/virtualMachines/RG02VM2'.",
            "type": "Microsoft.Compute/virtualMachines",
            "name": "[parameters('virtualMachines_RG02VM2_name')]",
            "apiVersion": "2018-06-01",
            "location": "westeurope",
            "scale": null,
            "properties": {
                "availabilitySet": {
                    "id": "[resourceId('Microsoft.Compute/availabilitySets', parameters('availabilitySets_RG02_AvailabilitySet_name'))]"
                },
                "hardwareProfile": {
                    "vmSize": "Standard_DS1_v2"
                },
                "storageProfile": {
                    "imageReference": {
                        "publisher": "MicrosoftWindowsServer",
                        "offer": "WindowsServer",
                        "sku": "2016-Datacenter",
                        "version": "latest"
                    },
                    "osDisk": {
                        "osType": "Windows",
                        "name": "[concat(parameters('virtualMachines_RG02VM2_name'),'_OsDisk_1_4f2473881d6e45708353dff790dcffc7')]",
                        "createOption": "FromImage",
                        "caching": "ReadWrite",
                        "managedDisk": {
                            "storageAccountType": "Premium_LRS",
                            "id": "[parameters('virtualMachines_RG02VM2_id')]"
                        },
                        "diskSizeGB": 127
                    },
                    "dataDisks": []
                },
                "osProfile": {
                    "computerName": "[parameters('virtualMachines_RG02VM2_name')]",
                    "adminUsername": "azureuser",
                    "windowsConfiguration": {
                        "provisionVMAgent": true,
                        "enableAutomaticUpdates": false
                    },
                    "secrets": [],
                    "allowExtensionOperations": true
                },
                "networkProfile": {
                    "networkInterfaces": [
                        {
                            "id": "[resourceId('Microsoft.Network/networkInterfaces', parameters('networkInterfaces_RG02_NIC2_name'))]"
                        }
                    ]
                },
                "diagnosticsProfile": {
                    "bootDiagnostics": {
                        "enabled": false
                    }
                }
            },
            "dependsOn": [
                "[resourceId('Microsoft.Compute/availabilitySets', parameters('availabilitySets_RG02_AvailabilitySet_name'))]",
                "[resourceId('Microsoft.Network/networkInterfaces', parameters('networkInterfaces_RG02_NIC2_name'))]"
            ]
        },
        {
            "comments": "Generalized from resource: '/subscriptions/903dd0a7-40f7-4dee-bb5e-736d0548d078/resourceGroups/RG02/providers/Microsoft.Network/loadBalancers/RG02LB'.",
            "type": "Microsoft.Network/loadBalancers",
            "sku": {
                "name": "Basic",
                "tier": "Regional"
            },
            "name": "[parameters('loadBalancers_RG02LB_name')]",
            "apiVersion": "2018-08-01",
            "location": "westeurope",
            "scale": null,
            "properties": {
                "provisioningState": "Succeeded",
                "resourceGuid": "52172033-2f05-457e-8705-a027df7dd374",
                "frontendIPConfigurations": [
                    {
                        "name": "FrontendIPConfig",
                        "etag": "W/\"b78e7d1c-0688-4d97-87c6-866c6dacf36c\"",
                        "properties": {
                            "provisioningState": "Succeeded",
                            "privateIPAllocationMethod": "Dynamic",
                            "publicIPAddress": {
                                "id": "[resourceId('Microsoft.Network/publicIPAddresses', parameters('publicIPAddresses_RG02_PublicIPAddress_name'))]"
                            }
                        }
                    }
                ],
                "backendAddressPools": [
                    {
                        "name": "BackendPool",
                        "etag": "W/\"b78e7d1c-0688-4d97-87c6-866c6dacf36c\"",
                        "properties": {
                            "provisioningState": "Succeeded"
                        }
                    }
                ],
                "loadBalancingRules": [
                    {
                        "name": "myLoadBalancerRuleWeb",
                        "etag": "W/\"b78e7d1c-0688-4d97-87c6-866c6dacf36c\"",
                        "properties": {
                            "provisioningState": "Succeeded",
                            "frontendIPConfiguration": {
                                "id": "[parameters('loadBalancers_RG02LB_id')]"
                            },
                            "frontendPort": 80,
                            "backendPort": 8080,
                            "enableFloatingIP": false,
                            "idleTimeoutInMinutes": 4,
                            "protocol": "Tcp",
                            "enableTcpReset": false,
                            "loadDistribution": "Default",
                            "backendAddressPool": {
                                "id": "[parameters('loadBalancers_RG02LB_id_1')]"
                            },
                            "probe": {
                                "id": "[parameters('loadBalancers_RG02LB_id_2')]"
                            }
                        }
                    }
                ],
                "probes": [
                    {
                        "name": "probe01",
                        "etag": "W/\"b78e7d1c-0688-4d97-87c6-866c6dacf36c\"",
                        "properties": {
                            "provisioningState": "Succeeded",
                            "protocol": "Http",
                            "port": 80,
                            "requestPath": "/",
                            "intervalInSeconds": 5,
                            "numberOfProbes": 2
                        }
                    }
                ],
                "inboundNatRules": [],
                "outboundRules": [],
                "inboundNatPools": []
            },
            "dependsOn": [
                "[resourceId('Microsoft.Network/publicIPAddresses', parameters('publicIPAddresses_RG02_PublicIPAddress_name'))]"
            ]
        },
        {
            "comments": "Generalized from resource: '/subscriptions/903dd0a7-40f7-4dee-bb5e-736d0548d078/resourceGroups/RG02/providers/Microsoft.Network/networkInterfaces/RG02_NIC1'.",
            "type": "Microsoft.Network/networkInterfaces",
            "name": "[parameters('networkInterfaces_RG02_NIC1_name')]",
            "apiVersion": "2018-08-01",
            "location": "westeurope",
            "scale": null,
            "properties": {
                "provisioningState": "Succeeded",
                "resourceGuid": "ea3e0fda-8a71-4f0b-b0a6-3da30c446783",
                "ipConfigurations": [
                    {
                        "name": "ipconfig1",
                        "etag": "W/\"7ff115bf-653b-43a6-bd69-65256382c9c5\"",
                        "properties": {
                            "provisioningState": "Succeeded",
                            "privateIPAddress": "10.0.1.4",
                            "privateIPAllocationMethod": "Dynamic",
                            "subnet": {
                                "id": "[resourceId('Microsoft.Network/virtualNetworks/subnets', parameters('virtualNetworks_RG02_VNet_name'), parameters('subnets_RG02_Subnet_name'))]"
                            },
                            "primary": true,
                            "privateIPAddressVersion": "IPv4",
                            "loadBalancerBackendAddressPools": [
                                {
                                    "id": "[concat(resourceId('Microsoft.Network/loadBalancers', parameters('loadBalancers_RG02LB_name')), '/backendAddressPools/BackendPool')]"
                                }
                            ]
                        }
                    }
                ],
                "dnsSettings": {
                    "dnsServers": [],
                    "appliedDnsServers": [],
                    "internalDomainNameSuffix": "kud52523htze5k3l3gkorclg0g.ax.internal.cloudapp.net"
                },
                "macAddress": "00-0D-3A-2F-A7-7F",
                "enableAcceleratedNetworking": false,
                "enableIPForwarding": false,
                "networkSecurityGroup": {
                    "id": "[resourceId('Microsoft.Network/networkSecurityGroups', parameters('networkSecurityGroups_myNetworkSecurityGroup_name'))]"
                },
                "primary": true,
                "tapConfigurations": []
            },
            "dependsOn": [
                "[resourceId('Microsoft.Network/virtualNetworks/subnets', parameters('virtualNetworks_RG02_VNet_name'), parameters('subnets_RG02_Subnet_name'))]",
                "[resourceId('Microsoft.Network/loadBalancers', parameters('loadBalancers_RG02LB_name'))]",
                "[resourceId('Microsoft.Network/networkSecurityGroups', parameters('networkSecurityGroups_myNetworkSecurityGroup_name'))]"
            ]
        },
        {
            "comments": "Generalized from resource: '/subscriptions/903dd0a7-40f7-4dee-bb5e-736d0548d078/resourceGroups/RG02/providers/Microsoft.Network/networkInterfaces/RG02_NIC2'.",
            "type": "Microsoft.Network/networkInterfaces",
            "name": "[parameters('networkInterfaces_RG02_NIC2_name')]",
            "apiVersion": "2018-08-01",
            "location": "westeurope",
            "scale": null,
            "properties": {
                "provisioningState": "Succeeded",
                "resourceGuid": "f26d7021-76a0-444f-825e-d3d4ab649345",
                "ipConfigurations": [
                    {
                        "name": "ipconfig1",
                        "etag": "W/\"2089785d-81c8-4009-871b-b62aee3283ce\"",
                        "properties": {
                            "provisioningState": "Succeeded",
                            "privateIPAddress": "10.0.1.5",
                            "privateIPAllocationMethod": "Dynamic",
                            "subnet": {
                                "id": "[resourceId('Microsoft.Network/virtualNetworks/subnets', parameters('virtualNetworks_RG02_VNet_name'), parameters('subnets_RG02_Subnet_name'))]"
                            },
                            "primary": true,
                            "privateIPAddressVersion": "IPv4",
                            "loadBalancerBackendAddressPools": [
                                {
                                    "id": "[concat(resourceId('Microsoft.Network/loadBalancers', parameters('loadBalancers_RG02LB_name')), '/backendAddressPools/BackendPool')]"
                                }
                            ]
                        }
                    }
                ],
                "dnsSettings": {
                    "dnsServers": [],
                    "appliedDnsServers": [],
                    "internalDomainNameSuffix": "kud52523htze5k3l3gkorclg0g.ax.internal.cloudapp.net"
                },
                "macAddress": "00-0D-3A-46-0D-68",
                "enableAcceleratedNetworking": false,
                "enableIPForwarding": false,
                "networkSecurityGroup": {
                    "id": "[resourceId('Microsoft.Network/networkSecurityGroups', parameters('networkSecurityGroups_myNetworkSecurityGroup_name'))]"
                },
                "primary": true,
                "tapConfigurations": []
            },
            "dependsOn": [
                "[resourceId('Microsoft.Network/virtualNetworks/subnets', parameters('virtualNetworks_RG02_VNet_name'), parameters('subnets_RG02_Subnet_name'))]",
                "[resourceId('Microsoft.Network/loadBalancers', parameters('loadBalancers_RG02LB_name'))]",
                "[resourceId('Microsoft.Network/networkSecurityGroups', parameters('networkSecurityGroups_myNetworkSecurityGroup_name'))]"
            ]
        },
        {
            "comments": "Generalized from resource: '/subscriptions/903dd0a7-40f7-4dee-bb5e-736d0548d078/resourceGroups/RG02/providers/Microsoft.Network/networkSecurityGroups/myNetworkSecurityGroup'.",
            "type": "Microsoft.Network/networkSecurityGroups",
            "name": "[parameters('networkSecurityGroups_myNetworkSecurityGroup_name')]",
            "apiVersion": "2018-08-01",
            "location": "westeurope",
            "scale": null,
            "properties": {
                "provisioningState": "Succeeded",
                "resourceGuid": "fff62a7b-36b7-4304-b23e-c96cd52cdb1f",
                "securityRules": [
                    {
                        "name": "[concat(parameters('networkSecurityGroups_myNetworkSecurityGroup_name'),'RuleHTTP')]",
                        "etag": "W/\"c85d07c8-075e-47d2-811b-54f0531aba35\"",
                        "properties": {
                            "provisioningState": "Succeeded",
                            "description": "Allow HTTP",
                            "protocol": "Tcp",
                            "sourcePortRange": "*",
                            "destinationPortRange": "8080",
                            "sourceAddressPrefix": "Internet",
                            "destinationAddressPrefix": "*",
                            "access": "Allow",
                            "priority": 2000,
                            "direction": "Inbound",
                            "sourcePortRanges": [],
                            "destinationPortRanges": [],
                            "sourceAddressPrefixes": [],
                            "destinationAddressPrefixes": []
                        }
                    }
                ],
                "defaultSecurityRules": [
                    {
                        "name": "AllowVnetInBound",
                        "etag": "W/\"c85d07c8-075e-47d2-811b-54f0531aba35\"",
                        "properties": {
                            "provisioningState": "Succeeded",
                            "description": "Allow inbound traffic from all VMs in VNET",
                            "protocol": "*",
                            "sourcePortRange": "*",
                            "destinationPortRange": "*",
                            "sourceAddressPrefix": "VirtualNetwork",
                            "destinationAddressPrefix": "VirtualNetwork",
                            "access": "Allow",
                            "priority": 65000,
                            "direction": "Inbound",
                            "sourcePortRanges": [],
                            "destinationPortRanges": [],
                            "sourceAddressPrefixes": [],
                            "destinationAddressPrefixes": []
                        }
                    },
                    {
                        "name": "AllowAzureLoadBalancerInBound",
                        "etag": "W/\"c85d07c8-075e-47d2-811b-54f0531aba35\"",
                        "properties": {
                            "provisioningState": "Succeeded",
                            "description": "Allow inbound traffic from azure load balancer",
                            "protocol": "*",
                            "sourcePortRange": "*",
                            "destinationPortRange": "*",
                            "sourceAddressPrefix": "AzureLoadBalancer",
                            "destinationAddressPrefix": "*",
                            "access": "Allow",
                            "priority": 65001,
                            "direction": "Inbound",
                            "sourcePortRanges": [],
                            "destinationPortRanges": [],
                            "sourceAddressPrefixes": [],
                            "destinationAddressPrefixes": []
                        }
                    },
                    {
                        "name": "DenyAllInBound",
                        "etag": "W/\"c85d07c8-075e-47d2-811b-54f0531aba35\"",
                        "properties": {
                            "provisioningState": "Succeeded",
                            "description": "Deny all inbound traffic",
                            "protocol": "*",
                            "sourcePortRange": "*",
                            "destinationPortRange": "*",
                            "sourceAddressPrefix": "*",
                            "destinationAddressPrefix": "*",
                            "access": "Deny",
                            "priority": 65500,
                            "direction": "Inbound",
                            "sourcePortRanges": [],
                            "destinationPortRanges": [],
                            "sourceAddressPrefixes": [],
                            "destinationAddressPrefixes": []
                        }
                    },
                    {
                        "name": "AllowVnetOutBound",
                        "etag": "W/\"c85d07c8-075e-47d2-811b-54f0531aba35\"",
                        "properties": {
                            "provisioningState": "Succeeded",
                            "description": "Allow outbound traffic from all VMs to all VMs in VNET",
                            "protocol": "*",
                            "sourcePortRange": "*",
                            "destinationPortRange": "*",
                            "sourceAddressPrefix": "VirtualNetwork",
                            "destinationAddressPrefix": "VirtualNetwork",
                            "access": "Allow",
                            "priority": 65000,
                            "direction": "Outbound",
                            "sourcePortRanges": [],
                            "destinationPortRanges": [],
                            "sourceAddressPrefixes": [],
                            "destinationAddressPrefixes": []
                        }
                    },
                    {
                        "name": "AllowInternetOutBound",
                        "etag": "W/\"c85d07c8-075e-47d2-811b-54f0531aba35\"",
                        "properties": {
                            "provisioningState": "Succeeded",
                            "description": "Allow outbound traffic from all VMs to Internet",
                            "protocol": "*",
                            "sourcePortRange": "*",
                            "destinationPortRange": "*",
                            "sourceAddressPrefix": "*",
                            "destinationAddressPrefix": "Internet",
                            "access": "Allow",
                            "priority": 65001,
                            "direction": "Outbound",
                            "sourcePortRanges": [],
                            "destinationPortRanges": [],
                            "sourceAddressPrefixes": [],
                            "destinationAddressPrefixes": []
                        }
                    },
                    {
                        "name": "DenyAllOutBound",
                        "etag": "W/\"c85d07c8-075e-47d2-811b-54f0531aba35\"",
                        "properties": {
                            "provisioningState": "Succeeded",
                            "description": "Deny all outbound traffic",
                            "protocol": "*",
                            "sourcePortRange": "*",
                            "destinationPortRange": "*",
                            "sourceAddressPrefix": "*",
                            "destinationAddressPrefix": "*",
                            "access": "Deny",
                            "priority": 65500,
                            "direction": "Outbound",
                            "sourcePortRanges": [],
                            "destinationPortRanges": [],
                            "sourceAddressPrefixes": [],
                            "destinationAddressPrefixes": []
                        }
                    }
                ]
            },
            "dependsOn": []
        },
        {
            "comments": "Generalized from resource: '/subscriptions/903dd0a7-40f7-4dee-bb5e-736d0548d078/resourceGroups/RG02/providers/Microsoft.Network/publicIPAddresses/RG02_PublicIPAddress'.",
            "type": "Microsoft.Network/publicIPAddresses",
            "sku": {
                "name": "Basic",
                "tier": "Regional"
            },
            "name": "[parameters('publicIPAddresses_RG02_PublicIPAddress_name')]",
            "apiVersion": "2018-08-01",
            "location": "westeurope",
            "scale": null,
            "properties": {
                "provisioningState": "Succeeded",
                "resourceGuid": "d036a580-38de-4f4f-ac57-6394c39b8012",
                "ipAddress": "13.73.225.249",
                "publicIPAddressVersion": "IPv4",
                "publicIPAllocationMethod": "Dynamic",
                "idleTimeoutInMinutes": 4,
                "ipTags": []
            },
            "dependsOn": []
        },
        {
            "comments": "Generalized from resource: '/subscriptions/903dd0a7-40f7-4dee-bb5e-736d0548d078/resourceGroups/RG02/providers/Microsoft.Network/virtualNetworks/RG02_VNet'.",
            "type": "Microsoft.Network/virtualNetworks",
            "name": "[parameters('virtualNetworks_RG02_VNet_name')]",
            "apiVersion": "2018-08-01",
            "location": "westeurope",
            "scale": null,
            "properties": {
                "provisioningState": "Succeeded",
                "resourceGuid": "7ffe0755-3c9d-4ff2-abab-e994e88966d6",
                "addressSpace": {
                    "addressPrefixes": [
                        "10.0.0.0/16"
                    ]
                },
                "subnets": [
                    {
                        "name": "RG02_Subnet",
                        "etag": "W/\"b854381c-0386-4b60-afb0-ad00f9c5c097\"",
                        "properties": {
                            "provisioningState": "Succeeded",
                            "addressPrefix": "10.0.1.0/24",
                            "serviceEndpoints": [],
                            "delegations": []
                        }
                    }
                ],
                "virtualNetworkPeerings": [],
                "enableDdosProtection": false,
                "enableVmProtection": false
            },
            "dependsOn": []
        },
        {
            "comments": "Generalized from resource: '/subscriptions/903dd0a7-40f7-4dee-bb5e-736d0548d078/resourceGroups/RG02/providers/Microsoft.Compute/virtualMachines/RG02VM1/extensions/BGInfo'.",
            "type": "Microsoft.Compute/virtualMachines/extensions",
            "name": "[concat(parameters('virtualMachines_RG02VM1_name'), '/', parameters('extensions_BGInfo_name'))]",
            "apiVersion": "2018-06-01",
            "location": "westeurope",
            "scale": null,
            "properties": {
                "autoUpgradeMinorVersion": true,
                "publisher": "Microsoft.Compute",
                "type": "[parameters('extensions_BGInfo_name')]",
                "typeHandlerVersion": "2.1"
            },
            "dependsOn": [
                "[resourceId('Microsoft.Compute/virtualMachines', parameters('virtualMachines_RG02VM1_name'))]"
            ]
        },
        {
            "comments": "Generalized from resource: '/subscriptions/903dd0a7-40f7-4dee-bb5e-736d0548d078/resourceGroups/RG02/providers/Microsoft.Compute/virtualMachines/RG02VM2/extensions/BGInfo'.",
            "type": "Microsoft.Compute/virtualMachines/extensions",
            "name": "[concat(parameters('virtualMachines_RG02VM2_name'), '/', parameters('extensions_BGInfo_name_1'))]",
            "apiVersion": "2018-06-01",
            "location": "westeurope",
            "scale": null,
            "properties": {
                "autoUpgradeMinorVersion": true,
                "publisher": "Microsoft.Compute",
                "type": "[parameters('extensions_BGInfo_name_1')]",
                "typeHandlerVersion": "2.1"
            },
            "dependsOn": [
                "[resourceId('Microsoft.Compute/virtualMachines', parameters('virtualMachines_RG02VM2_name'))]"
            ]
        },
        {
            "comments": "Generalized from resource: '/subscriptions/903dd0a7-40f7-4dee-bb5e-736d0548d078/resourceGroups/RG02/providers/Microsoft.Network/networkSecurityGroups/myNetworkSecurityGroup/securityRules/myNetworkSecurityGroupRuleHTTP'.",
            "type": "Microsoft.Network/networkSecurityGroups/securityRules",
            "name": "[concat(parameters('networkSecurityGroups_myNetworkSecurityGroup_name'), '/', parameters('securityRules_myNetworkSecurityGroupRuleHTTP_name'))]",
            "apiVersion": "2018-08-01",
            "scale": null,
            "properties": {
                "provisioningState": "Succeeded",
                "description": "Allow HTTP",
                "protocol": "Tcp",
                "sourcePortRange": "*",
                "destinationPortRange": "8080",
                "sourceAddressPrefix": "Internet",
                "destinationAddressPrefix": "*",
                "access": "Allow",
                "priority": 2000,
                "direction": "Inbound",
                "sourcePortRanges": [],
                "destinationPortRanges": [],
                "sourceAddressPrefixes": [],
                "destinationAddressPrefixes": []
            },
            "dependsOn": [
                "[resourceId('Microsoft.Network/networkSecurityGroups', parameters('networkSecurityGroups_myNetworkSecurityGroup_name'))]"
            ]
        },
        {
            "comments": "Generalized from resource: '/subscriptions/903dd0a7-40f7-4dee-bb5e-736d0548d078/resourceGroups/RG02/providers/Microsoft.Network/virtualNetworks/RG02_VNet/subnets/RG02_Subnet'.",
            "type": "Microsoft.Network/virtualNetworks/subnets",
            "name": "[concat(parameters('virtualNetworks_RG02_VNet_name'), '/', parameters('subnets_RG02_Subnet_name'))]",
            "apiVersion": "2018-08-01",
            "scale": null,
            "properties": {
                "provisioningState": "Succeeded",
                "addressPrefix": "10.0.1.0/24",
                "serviceEndpoints": [],
                "delegations": []
            },
            "dependsOn": [
                "[resourceId('Microsoft.Network/virtualNetworks', parameters('virtualNetworks_RG02_VNet_name'))]"
            ]
        }
    ]
}