{
    "$schema": "https://schema.management.azure.com/schemas/2015-01-01/deploymentParameters.json#",
    "contentVersion": "1.0.0.0",
    "parameters": {
        "loadBalancers_RG001LB_name": {
            "value": null
        },
        "virtualMachines_RG001VM1_name": {
            "value": null
        },
        "virtualMachines_RG001VM2_name": {
            "value": null
        },
        "virtualNetworks_RG001_VNet_name": {
            "value": null
        },
        "networkInterfaces_RG001_NIC1_name": {
            "value": null
        },
        "networkInterfaces_RG001_NIC2_name": {
            "value": null
        },
        "networkSecurityGroups_RG001_NSG_name": {
            "value": null
        },
        "availabilitySets_RG001_AvailabilitySet_name": {
            "value": null
        },
        "publicIPAddresses_RG001_PublicIPAddress_name": {
            "value": null
        },
        "extensions_BGInfo_name": {
            "value": null
        },
        "extensions_BGInfo_name_1": {
            "value": null
        },
        "subnets_RG001_Subnet_name": {
            "value": null
        },
        "securityRules_NSGRuleHTTP_name": {
            "value": null
        },
        "virtualMachines_RG001VM1_id": {
            "value": null
        },
        "virtualMachines_RG001VM1_id_1": {
            "value": null
        },
        "virtualMachines_RG001VM2_id": {
            "value": null
        },
        "virtualMachines_RG001VM2_id_1": {
            "value": null
        },
        "loadBalancers_RG001LB_id": {
            "value": null
        },
        "loadBalancers_RG001LB_id_1": {
            "value": null
        },
        "loadBalancers_RG001LB_id_2": {
            "value": null
        }
    }
}